account_id,is_fraud_ring,ring_id
acct_7f239c5b,0,
acct_3a8d1c32,0,
acct_4385daaf,0,
acct_3ecc77ec,0,
acct_18502e47,0,
acct_bd2e3166,0,
acct_03e879cf,0,
acct_327b9c3c,0,
acct_8585e2dc,0,
acct_1501ed35,1,ring_3
acct_d439b957,0,
acct_42b82ff9,0,
acct_b3514f89,0,
acct_ef68e0e3,0,
acct_7751c7a2,0,
acct_f06ca03d,0,
acct_d37ab182,0,
acct_4e516c76,0,
acct_177f6c3e,1,ring_8
acct_2b5a10cd,0,
acct_2d28e15c,0,
acct_824607ef,0,
acct_3c09b145,0,
acct_8815a43d,0,
acct_0abf52b7,0,
acct_691dff7c,0,
acct_e5f4876b,0,
acct_02322ecb,0,
acct_5bab77ea,0,
acct_0fe4901f,0,
acct_33f16332,0,
acct_7994f3c4,0,
acct_20b798b6,0,
acct_fa65347c,0,
acct_4c3fe6f1,0,
acct_fb834add,0,
acct_abe04cb6,0,
acct_48bcfd76,0,
acct_dfd8a03c,0,
acct_bc4c4bda,0,
acct_9c127140,0,
acct_d46870d8,0,
acct_347c9d4e,0,
acct_05a77275,1,ring_12
acct_f17a128e,1,ring_0
acct_9a5851a3,1,ring_4
acct_09a5fd4d,0,
acct_e505ef8f,0,
acct_2cb6fc8a,1,ring_6
acct_cd8fbbe7,0,
acct_02521d3d,0,
acct_937e1ee1,0,
acct_28027113,0,
acct_f27e7322,0,
acct_0c411172,0,
acct_63787eed,0,
acct_12b94a94,0,
acct_e2a8402f,0,
acct_43d80bde,0,
acct_20a82e7b,0,
acct_3678212f,0,
acct_a8ffc245,1,ring_3
acct_bbc443d5,0,
acct_23e28d0d,0,
acct_68c7c890,0,
acct_6c80ec3a,1,ring_0
acct_8b4e0870,0,
acct_8f7d6081,0,
acct_0ee2d39b,0,
acct_1bd3c30a,0,
acct_4ef33b77,0,
acct_38b3a83a,0,
acct_87176b60,0,
acct_e555242c,0,
acct_8140266a,1,ring_6
acct_9fcb957e,0,
acct_14fdaa06,0,
acct_2633f15a,0,
acct_b4f47cca,0,
acct_e89e0c8d,0,
acct_2b0ddf33,0,
acct_01ad924f,0,
acct_9bd08167,0,
acct_15b98107,0,
acct_21c81078,0,
acct_1dd6ef57,0,
acct_5f21f450,0,
acct_73153eff,0,
acct_3bd97df0,0,
acct_1045357d,0,
acct_dbd0de5b,1,ring_2
acct_cbbd4875,0,
acct_7d3d3084,0,
acct_619a8a18,0,
acct_6716629c,0,
acct_053ab951,0,
acct_a2bc6d17,0,
acct_256f6f66,0,
acct_b93ad7f0,0,
acct_5e659437,0,
acct_b10d69c8,0,
acct_db029781,0,
acct_0d3eb2a2,0,
acct_c725fc9e,0,
acct_e9628670,0,
acct_1d90e7f9,0,
acct_35d57904,0,
acct_73cbca7b,0,
acct_246bd005,0,
acct_c0e7cfb3,0,
acct_4b645f31,0,
acct_874b97c0,1,ring_0
acct_5902f6c6,0,
acct_4377cdd5,0,
acct_8215caa9,0,
acct_fd641e30,0,
acct_6bb3acb0,0,
acct_03bc0f22,0,
acct_061b7ba9,0,
acct_82aab752,0,
acct_5753ae63,0,
acct_433f7e71,0,
acct_4b74583b,0,
acct_6df56459,0,
acct_c2eec551,0,
acct_1f49c224,0,
acct_0c968aef,0,
acct_77df6e0d,0,
acct_d1845b0b,0,
acct_65e9c3ea,0,
acct_b1a8737a,0,
acct_b7107e09,0,
acct_b1977bae,0,
acct_b71488d8,1,ring_5
acct_e913a0a7,0,
acct_01d3b2a6,0,
acct_b289dad9,0,
acct_565b6e72,0,
acct_bf4013c0,0,
acct_78cbe19b,0,
acct_57992b93,0,
acct_02e07957,0,
acct_4694e465,0,
acct_274a6bde,0,
acct_48b7bc74,0,
acct_75310779,0,
acct_3f518a94,0,
acct_4868935c,0,
acct_ec78ee9f,0,
acct_9372ae34,0,
acct_e27f16cf,0,
acct_7cbba9ec,0,
acct_3a5c8c3b,0,
acct_be33cd67,0,
acct_b90c3be9,0,
acct_e0c3308b,0,
acct_71d59fc1,0,
acct_0072fede,0,
acct_dca18e21,0,
acct_827de579,0,
acct_6155642f,0,
acct_57a7991b,0,
acct_d3b10fd5,0,
acct_65ce0026,0,
acct_4de5dad4,0,
acct_43f290c6,0,
acct_a2b87f5d,0,
acct_90925abe,0,
acct_bbad1164,0,
acct_e3e658f5,0,
acct_cde7d64e,0,
acct_110fb05d,0,
acct_b80de54f,0,
acct_d2552a9a,0,
acct_9575db35,0,
acct_d0750c88,0,
acct_4eb0b7a8,0,
acct_44b30d33,0,
acct_3ca593f8,0,
acct_f76664a1,0,
acct_d4b0c35b,0,
acct_0bee35d2,0,
acct_854d6081,0,
acct_81677aea,0,
acct_aa3d606c,0,
acct_c643b460,0,
acct_5ad2eb90,0,
acct_4dc5de26,0,
acct_549ba3e4,0,
acct_71b4d298,0,
acct_225e4eb8,0,
acct_f225d2a1,0,
acct_f75828c8,0,
acct_ed128642,0,
acct_21607950,0,
acct_e9cfed7f,0,
acct_2b85fcd3,0,
acct_07569a16,0,
acct_e2135fad,0,
acct_577a184e,0,
acct_1fd4cffc,0,
acct_b037a5ab,0,
acct_ba2b9ad4,0,
acct_f6356181,0,
acct_9f8ce293,0,
acct_a418d1ce,0,
acct_fdf4240d,0,
acct_592febeb,0,
acct_a80d1491,0,
acct_2f503f27,0,
acct_17571990,0,
acct_f591df47,0,
acct_5d62aa3d,0,
acct_4ad91365,0,
acct_ae8a67f5,0,
acct_5481e48a,0,
acct_badeafbc,0,
acct_c52bb19c,1,ring_1
acct_cd793a1f,0,
acct_76fc30a0,0,
acct_adabc8ec,0,
acct_d208a196,1,ring_4
acct_e4759242,0,
acct_ed4214bb,0,
acct_989783c7,0,
acct_c44c6350,0,
acct_49d997e5,0,
acct_79921a7e,0,
acct_7469266e,0,
acct_bb38d741,0,
acct_7ac175cf,0,
acct_1549e82f,0,
acct_2a9555f1,0,
acct_811dfc82,0,
acct_df4b9f3a,0,
acct_4880a864,0,
acct_63fc864c,0,
acct_2191310e,0,
acct_710253ee,0,
acct_08c9e480,0,
acct_7d43e10a,0,
acct_39f0bc8c,0,
acct_cd8dba76,0,
acct_5fb7b174,0,
acct_f7789dc6,0,
acct_bdd23cd3,0,
acct_03656392,0,
acct_51922480,0,
acct_65f37952,0,
acct_2d61e7b4,0,
acct_a42421bd,0,
acct_2feb6ad4,0,
acct_2987818a,0,
acct_2863692e,0,
acct_d2fbc841,0,
acct_ba0ffd1b,0,
acct_34230bc1,0,
acct_198a1a47,0,
acct_ae6577d9,0,
acct_e43aea10,0,
acct_257b5927,0,
acct_0cb721a3,0,
acct_6c8d3287,0,
acct_b31936df,0,
acct_a4d134cc,0,
acct_9c04734b,0,
acct_c32ee0cb,0,
acct_285df482,0,
acct_f3254ca9,0,
acct_810cd652,1,ring_11
acct_ab37e89b,0,
acct_08daa6e5,0,
acct_bdc85097,0,
acct_d9488cea,0,
acct_72ab8845,0,
acct_c8582c5d,0,
acct_0ee3f53f,0,
acct_fc15076a,0,
acct_83f9c448,0,
acct_880bbf27,0,
acct_a430e7bb,0,
acct_de7dfec6,0,
acct_195dadd8,0,
acct_b9daf87e,0,
acct_0ddc1de9,0,
acct_91039080,1,ring_9
acct_f9267f86,0,
acct_5b8f01f2,0,
acct_5fe51c8a,0,
acct_22a13cac,0,
acct_6f8f8a59,0,
acct_fe9b7ba3,1,ring_0
acct_73b87d6a,0,
acct_43a57808,0,
acct_39f7e572,0,
acct_eac9f87a,0,
acct_2bb99591,0,
acct_61af6345,1,ring_14
acct_56fd3243,0,
acct_1a2b191a,0,
acct_80ffa077,0,
acct_8f60fd16,0,
acct_2873ed5c,1,ring_4
acct_a10ed408,1,ring_12
acct_70ab594d,0,
acct_597ada02,0,
acct_890faf47,0,
acct_1cccea81,0,
acct_1c8e5c79,0,
acct_ad970309,0,
acct_a8ace452,0,
acct_08f2e5ee,0,
acct_3d90e305,0,
acct_040cd805,0,
acct_769265d1,0,
acct_7ad1b740,0,
acct_bd5a9231,0,
acct_0fe0f56c,0,
acct_e9237985,0,
acct_912cfa6b,0,
acct_bf396563,0,
acct_da76b320,0,
acct_35b89cbe,0,
acct_19219441,0,
acct_ef26ebaa,0,
acct_382a972d,0,
acct_21efc7a9,0,
acct_7f027e06,1,ring_10
acct_aeba0374,0,
acct_9eeb1f45,0,
acct_cfbb8bfb,0,
acct_dbaa9a11,0,
acct_638af47c,0,
acct_a6ca3675,0,
acct_fc0c4450,0,
acct_bf86480d,0,
acct_e475043a,0,
acct_ba521e4a,0,
acct_7856d072,0,
acct_bd8d3879,0,
acct_16151cca,0,
acct_44e08b1f,0,
acct_077963b5,0,
acct_567d24b9,0,
acct_54bdea7d,0,
acct_ef43cd15,0,
acct_d9b67d7c,0,
acct_d1b436d6,0,
acct_0e552f3b,0,
acct_072e3c16,0,
acct_9d8cb60e,0,
acct_7ab3bc56,0,
acct_34ca2092,0,
acct_e72c8843,0,
acct_44fc8b7c,0,
acct_7bf7061c,0,
acct_5ae762bc,0,
acct_a4f43fb8,0,
acct_1ab35bde,0,
acct_566469d6,0,
acct_cbe16ab2,0,
acct_496b9200,0,
acct_676419b8,0,
acct_ef21eeec,0,
acct_8cb3e337,0,
acct_c95078b8,0,
acct_6febc0fd,0,
acct_6ee79719,0,
acct_4c3ea1db,0,
acct_3f5551e6,0,
acct_33ac5132,0,
acct_ba9b5ad1,0,
acct_88da1ecb,0,
acct_a6a6f11d,0,
acct_15310bf7,0,
acct_1cf1b919,0,
acct_e82dd996,0,
acct_5f1b1a6e,0,
acct_06884a24,0,
acct_131abaa2,0,
acct_229ee686,0,
acct_dbd32a16,0,
acct_44ed398a,0,
acct_a567b7dc,0,
acct_e2fbb2b5,0,
acct_ff6a3a3f,0,
acct_c65eef7f,0,
acct_18284dee,0,
acct_709aef22,0,
acct_c3905906,0,
acct_a9572d28,0,
acct_3ed47bab,0,
acct_dbc13477,0,
acct_f8abb784,0,
acct_5de9e9fc,0,
acct_0edc0f0c,0,
acct_74df4e8c,0,
acct_7a4708d9,0,
acct_fa1c0835,0,
acct_b00fd304,0,
acct_d9acbcd6,0,
acct_648d4446,0,
acct_c9a24347,0,
acct_a817ea42,1,ring_2
acct_33a6f90a,0,
acct_c3ee1f27,0,
acct_e1c60ae7,0,
acct_cbee6e93,0,
acct_3151f24a,0,
acct_c877dc5b,0,
acct_664c73e6,0,
acct_5f87b637,0,
acct_18d909b1,0,
acct_b2726d10,0,
acct_e88f8b6f,0,
acct_71b7e8ba,0,
acct_7e24754d,0,
acct_b428a5fa,0,
acct_c7eb7eea,0,
acct_e9a24df9,0,
acct_fcf20972,0,
acct_0ed0588d,0,
acct_e0fec2d8,0,
acct_46e150ba,0,
acct_90ccb70d,0,
acct_7da01320,0,
acct_2e06bbe7,0,
acct_0080399d,0,
acct_694b78f0,0,
acct_93fbeb74,0,
acct_6ffa73c2,1,ring_1
acct_755ba14d,0,
acct_00ee9a73,0,
acct_d4281383,0,
acct_242987b8,0,
acct_12b64c4c,0,
acct_780056da,0,
acct_50a13c98,0,
acct_ca12a01b,0,
acct_245a311c,0,
acct_48c6cc6e,0,
acct_33150b10,0,
acct_2861e9ab,0,
acct_da855796,0,
acct_b7a197b5,0,
acct_dd6e81ef,0,
acct_34dab953,0,
acct_baaa5a99,0,
acct_a231c75f,0,
acct_6929bf53,0,
acct_44d8741f,0,
acct_de8efe53,0,
acct_60e0747c,0,
acct_93f9389b,0,
acct_0e00f2cd,0,
acct_8dd7fec2,1,ring_8
acct_eda82517,0,
acct_b8e74e71,0,
acct_69e2052f,0,
acct_b7c7d6e0,0,
acct_e0687e8f,0,
acct_151f4aa9,0,
acct_05036d58,0,
acct_08067bf4,0,
acct_3a12ee35,0,
acct_aad34390,0,
acct_cba08efd,0,
acct_2b636843,0,
acct_f52461f0,0,
acct_7e7667f5,0,
acct_78aec84c,0,
acct_a4940db5,0,
acct_85721665,0,
acct_24aa44b7,0,
acct_1d4407d7,0,
acct_2c9daebd,0,
acct_6d1d9db1,1,ring_4
acct_7138bc78,0,
acct_557bfa16,0,
acct_97ba6bec,0,
acct_af18ab3b,0,
acct_4f884918,0,
acct_0476f432,0,
acct_c8dcab4b,0,
acct_c7417ef1,0,
acct_c20218ad,0,
acct_400fb24b,0,
acct_a730b0b5,1,ring_13
acct_ca808231,0,
acct_23b51101,0,
acct_4ad7170b,0,
acct_063d962c,0,
acct_7526485b,0,
acct_be120b7a,0,
acct_88dcffb7,0,
acct_3d1557cf,0,
acct_95bc9202,0,
acct_6ba97f3b,0,
acct_3d7b043e,0,
acct_3565295e,0,
acct_142384ca,0,
acct_2e9b8695,0,
acct_7d2599cb,0,
acct_877f2892,0,
acct_a95ebf74,0,
acct_86e593d5,0,
acct_309be990,0,
acct_de4db261,1,ring_7
acct_66788bf6,0,
acct_d012c387,0,
acct_488c9202,0,
acct_29c7a8d9,0,
acct_1bfaa36d,0,
acct_3bbe5f04,0,
acct_4053d9cf,0,
acct_7bd6706f,0,
acct_9191e8c7,0,
acct_f4c0d7b6,0,
acct_815b7772,1,ring_14
acct_7048d889,0,
acct_1369474e,0,
acct_b49b0499,0,
acct_5afe1980,0,
acct_997681c6,0,
acct_526d8e43,0,
acct_b469cd30,0,
acct_359ec3fd,0,
acct_d4cd679d,0,
acct_e82c9943,0,
acct_1a27b4f0,0,
acct_96974243,0,
acct_bff2059f,0,
acct_6e00c329,0,
acct_b082e4f1,0,
acct_b5760501,0,
acct_c8049c50,0,
acct_ee84f4c5,0,
acct_f92572f9,0,
acct_a6435d03,0,
acct_4a3f571d,0,
acct_67121e42,0,
acct_1583a7e4,0,
acct_4c839354,0,
acct_ea588859,0,
acct_51a39f02,0,
acct_c5e40a36,0,
acct_6cdda68b,1,ring_14
acct_248dcd7a,0,
acct_b9204ac1,0,
acct_4ae2b729,0,
acct_af4f95de,0,
acct_b9940fec,0,
acct_a1622446,0,
acct_460908cf,0,
acct_227bc4d9,0,
acct_63eb73cb,0,
acct_f7a39bed,0,
acct_d3379238,0,
acct_8d0bc0e7,0,
acct_557f6815,0,
acct_1e2dc5e6,0,
acct_2574e114,0,
acct_062996bb,0,
acct_e1bea155,0,
acct_3a80a74e,0,
acct_3cdcf4df,0,
acct_07b7a601,0,
acct_19021c49,0,
acct_171b118e,0,
acct_0490bf5c,0,
acct_7150c5aa,0,
acct_a9d182b8,0,
acct_b46f6cfe,0,
acct_0a9454c6,1,ring_3
acct_ad4f0b38,0,
acct_59fca77a,0,
acct_f452473b,0,
acct_aabadd4f,1,ring_0
acct_1017b4e7,0,
acct_ad80e73d,0,
acct_5a96c5ec,0,
acct_8ab28cfe,0,
acct_c7f3fb51,0,
acct_ad818035,0,
acct_c1cb5db7,1,ring_9
acct_16c8b9fd,0,
acct_dcac6fc3,0,
acct_e52531bc,0,
acct_eab1bc81,0,
acct_052abf20,0,
acct_f9ef9593,0,
acct_dbb971ae,0,
acct_e0e9b438,0,
acct_2794b875,0,
acct_e484cfde,0,
acct_606eaf94,0,
acct_3c043af5,0,
acct_b5c8f45e,0,
acct_4cf3970a,0,
acct_b4b13675,0,
acct_5db730ff,0,
acct_d15323d3,0,
acct_16e1ca6c,0,
acct_855d2dd4,0,
acct_75346cb3,0,
acct_c31aab32,0,
acct_3acf8f48,0,
acct_7454585c,0,
acct_1759b89a,0,
acct_f940de43,0,
acct_749fa8aa,0,
acct_fb4a241d,0,
acct_a3f77da7,0,
acct_474982d5,0,
acct_e4f3db5b,0,
acct_f9fd96e0,0,
acct_0be57464,0,
acct_896019a7,0,
acct_5d92c589,0,
acct_cc60b0be,0,
acct_2d13fa2e,0,
acct_2faa2a2c,0,
acct_c6b9fff4,0,
acct_a05dd959,0,
acct_9461e561,0,
acct_f6c8dd42,0,
acct_8ee4352b,0,
acct_a10f0917,0,
acct_42d64f17,0,
acct_29d94570,0,
acct_75c6ae05,0,
acct_ffc224c2,0,
acct_7d2a3d8a,0,
acct_7a96c4eb,0,
acct_d036d032,0,
acct_8df9bec2,0,
acct_465f5c59,0,
acct_2fc443bb,0,
acct_0a9b4283,0,
acct_912980d3,0,
acct_9f6f9515,0,
acct_b7b28e00,0,
acct_97d95337,0,
acct_377f83ea,0,
acct_1bb11eda,0,
acct_32883e52,0,
acct_d5b1aab0,0,
acct_bc21025c,1,ring_14
acct_44e29969,0,
acct_e964bc64,0,
acct_b68ccc6e,0,
acct_908f0aff,1,ring_11
acct_f76b3638,0,
acct_23860cc1,0,
acct_dcb8c29c,0,
acct_f42b1667,0,
acct_871b1f45,0,
acct_ccf47ad4,0,
acct_76382ad1,0,
acct_e0d73fc7,0,
acct_9b69bb98,0,
acct_6a6d545b,0,
acct_5c928f65,0,
acct_d2dd8d92,1,ring_0
acct_12f19611,0,
acct_66cd8e3e,0,
acct_5131fec1,0,
acct_c292d89f,0,
acct_44dc0792,0,
acct_59f84a35,0,
acct_458ded52,0,
acct_80a78db2,0,
acct_c185b9a5,1,ring_12
acct_b338901e,0,
acct_14a73755,0,
acct_ada66e73,0,
acct_253e620b,0,
acct_ee97bd12,0,
acct_3983da72,0,
acct_5a35d6c1,1,ring_5
acct_b150a646,0,
acct_2089c09c,0,
acct_03127115,0,
acct_647da57f,0,
acct_c3a96fc0,0,
acct_16112073,0,
acct_6c21e74c,0,
acct_689f2d49,0,
acct_096c597f,0,
acct_70db0626,0,
acct_08728606,0,
acct_09603b4e,0,
acct_d6ed4880,0,
acct_cbbd49c3,0,
acct_e1cb3abc,0,
acct_5725edab,1,ring_5
acct_3958f43c,0,
acct_3e8ee89b,0,
acct_5bcf3254,1,ring_8
acct_ba7ff476,0,
acct_6d828130,0,
acct_ffcf6c3b,0,
acct_604dbc7f,0,
acct_0c0c9d16,0,
acct_ed5ef859,0,
acct_31ce4254,0,
acct_6d10abf8,0,
acct_9430580d,0,
acct_dcf5308c,0,
acct_7ff30390,0,
acct_173ceee6,0,
acct_5c376269,0,
acct_70fa912a,0,
acct_c1e140be,0,
acct_b4e5c0c2,0,
acct_d8999786,0,
acct_faa1b423,0,
acct_9a93a6a0,0,
acct_230ce49c,0,
acct_a3956f5b,0,
acct_892dbae0,0,
acct_15872674,0,
acct_ba87c46c,0,
acct_a1ed40ba,1,ring_14
acct_7e388fbe,0,
acct_e1c9d556,0,
acct_ed9de589,0,
acct_e7251529,0,
acct_0515f128,0,
acct_b5034ed0,0,
acct_fe87796b,0,
acct_84361dba,0,
acct_ca64deee,0,
acct_dd75d6d1,0,
acct_b434cd54,0,
acct_d2d85feb,0,
acct_b3efafdd,0,
acct_f54ff40c,0,
acct_633c6e44,0,
acct_f55986c6,0,
acct_23eb501b,0,
acct_019045ac,0,
acct_396f3f50,0,
acct_fc437216,0,
acct_2f31beca,0,
acct_d584262b,0,
acct_2b7a6f43,0,
acct_c62c0c1b,0,
acct_64a9a4eb,0,
acct_120f661c,0,
acct_e755ffbc,0,
acct_44b7da66,0,
acct_c6db3b64,0,
acct_5429592c,0,
acct_e6d3249e,0,
acct_6fd7f638,0,
acct_e442eed4,0,
acct_367129fd,0,
acct_7a10b683,0,
acct_58f75d4a,0,
acct_a43d1943,0,
acct_6c1e17a1,0,
acct_3cb9a361,0,
acct_bcb967d8,0,
acct_4591b3e1,0,
acct_b8485930,0,
acct_c1700798,0,
acct_73a40516,0,
acct_75f3e685,0,
acct_72ac6e21,0,
acct_6198eac9,0,
acct_f567eba7,0,
acct_b538e60f,0,
acct_f6f89e93,0,
acct_9679a69e,0,
acct_e91267bf,0,
acct_b007cef5,0,
acct_f401350c,0,
acct_707cb0d8,0,
acct_bf9328a0,0,
acct_3b063833,0,
acct_78a70aae,0,
acct_24112c1e,0,
acct_17e9013b,0,
acct_e01206ae,0,
acct_a549cbf5,0,
acct_b2e1266c,0,
acct_68800840,0,
acct_6d96cacd,0,
acct_481de727,1,ring_2
acct_7b9dc9d2,0,
acct_79247e63,0,
acct_33c49dfd,0,
acct_edaca145,0,
acct_aaa5023c,0,
acct_5beaf127,0,
acct_eb74dcb8,0,
acct_87a7b3f1,0,
acct_88d5710f,1,ring_2
acct_1413fba7,0,
acct_34c4932a,0,
acct_9880df52,0,
acct_6aab149e,0,
acct_0ada44a4,0,
acct_35075fba,0,
acct_b2fc6045,0,
acct_faa25c01,0,
acct_4db4737d,0,
acct_84040f6a,0,
acct_2098df0c,0,
acct_d2617b1d,0,
acct_55b3dcde,0,
acct_75b287c1,1,ring_0
acct_6693a6f8,0,
acct_d0e78711,0,
acct_00673705,0,
acct_18c2a32f,0,
acct_9971885d,0,
acct_353d0847,0,
acct_577f9612,0,
acct_e4e9b1de,0,
acct_760bba4c,0,
acct_6cb29f44,0,
acct_d79dc825,0,
acct_d7c66a7c,0,
acct_316f4039,0,
acct_bc5d3f43,0,
acct_7892a24c,0,
acct_96b89908,0,
acct_e2a4f2f0,0,
acct_d2439de5,0,
acct_ee891c1e,0,
acct_c8092be3,1,ring_9
acct_2f17c81b,0,
acct_50036168,0,
acct_fc36d1d6,0,
acct_5246dae3,0,
acct_7b624c5f,0,
acct_8c9ab396,0,
acct_ab758a05,1,ring_4
acct_eed81f8f,0,
acct_2a997255,0,
acct_08535f1b,0,
acct_7c5a586f,1,ring_13
acct_9938ba8a,0,
acct_05e0ea20,0,
acct_bc41a388,0,
acct_116c905d,0,
acct_101a1c6d,0,
acct_6f8aa16a,0,
acct_5e0caf9c,0,
acct_464740e5,0,
acct_a25bb276,0,
acct_72ac7e9e,0,
acct_f6f2a040,0,
acct_72ec454b,0,
acct_b439312e,0,
acct_932247ce,0,
acct_cf3c4057,0,
acct_7f9a48ae,0,
acct_1b082e8a,0,
acct_c11cf7ca,0,
acct_bfe200d8,0,
acct_3443f1e7,0,
acct_e658d184,0,
acct_7ad6f878,0,
acct_f535f48d,1,ring_6
acct_3fb7652b,0,
acct_d88984b8,0,
acct_9e324eac,0,
acct_8efb8bf7,0,
acct_f012a610,0,
acct_0cde7d17,0,
acct_dd7b5793,0,
acct_11501652,0,
acct_ad69a8be,0,
acct_f89d01c1,0,
acct_cd07b38e,0,
acct_f3c6575a,0,
acct_0f28d1a6,0,
acct_3541462c,0,
acct_35169b66,0,
acct_6e15e5fa,0,
acct_53d7e5d5,0,
acct_29985c56,0,
acct_dba5524d,0,
acct_76cc148f,0,
acct_93137aae,0,
acct_dc9cd374,0,
acct_671116a6,0,
acct_f578d454,1,ring_10
acct_e9ed040b,0,
acct_c88c9117,0,
acct_f937eed3,1,ring_10
acct_bd5245e7,0,
acct_fef48d4a,0,
acct_8cd67d4a,0,
acct_973e6de1,0,
acct_23f682cf,0,
acct_7d72d7a5,0,
acct_30b3be46,0,
acct_cedae253,0,
acct_913ab2b5,0,
acct_66efce31,0,
acct_80523810,0,
acct_f8563178,0,
acct_0ccce6e8,0,
acct_7a285eb6,0,
acct_f84317fd,0,
acct_d6a29772,0,
acct_75743996,0,
acct_bfabbb55,0,
acct_0ffde5cb,0,
acct_54e8bf83,0,
acct_57635eb1,0,
acct_29ec29c0,0,
acct_09150075,0,
acct_ea4f77cd,0,
acct_1fbcd811,0,
acct_7d3e302e,0,
acct_612d98cb,0,
acct_c3efcc00,0,
acct_10c903d9,0,
acct_8c2d3bc1,0,
acct_33436580,0,
acct_3fa66e08,0,
acct_3321937c,0,
acct_05b7a059,0,
acct_c3584ea7,0,
acct_53085d0a,0,
acct_b3c58026,0,
acct_3cfd51a6,0,
acct_c0d253f2,0,
acct_a95b2968,0,
acct_16e67e2e,0,
acct_193b7cb0,0,
acct_cf94b882,0,
acct_6d2f165c,0,
acct_99528116,0,
acct_18a08f9b,0,
acct_6b1cea7f,0,
acct_b9195792,0,
acct_5177f725,0,
acct_1bf12ba3,0,
acct_5a5d8f0d,0,
acct_2499d938,0,
acct_7422af50,0,
acct_4fcd022b,0,
acct_443cf697,0,
acct_dddcb394,0,
acct_89732081,0,
acct_a1765155,0,
acct_7bdadd35,0,
acct_411bd3fd,1,ring_1
acct_9224d4b5,0,
acct_860821d4,0,
acct_eb58460f,0,
acct_b0e388c0,0,
acct_c1d6b46b,0,
acct_b2bef6e2,0,
acct_2fef1bf7,0,
acct_d6b843fe,0,
acct_dbc6495a,0,
acct_0583cb04,0,
acct_3ba39344,0,
acct_2be15f37,0,
acct_bf0dc0cf,0,
acct_e573d0ac,0,
acct_906c2334,0,
acct_8b65892d,0,
acct_d91521c4,0,
acct_874f77df,0,
acct_b3eb4bcc,0,
acct_a199f0a0,0,
acct_e90e151f,0,
acct_f5cf2769,0,
acct_b7971ddc,0,
acct_09f308f5,0,
acct_ee2ec40b,0,
acct_e1ffb4a1,1,ring_7
acct_7e50d848,0,
acct_159a343a,0,
acct_85f433ec,0,
acct_51972159,0,
acct_d45a0b88,0,
acct_53783507,0,
acct_c99390d8,0,
acct_7f944448,0,
acct_a57917d6,0,
acct_3c3e5d20,0,
acct_297e184e,0,
acct_27091cf0,0,
acct_1445f506,0,
acct_630c2a98,0,
acct_2391d704,0,
acct_e9d9029b,0,
acct_0b781399,0,
acct_7c2950b0,0,
acct_207b3381,0,
acct_151a754a,0,
acct_eda59220,1,ring_1
acct_e113bcad,0,
acct_d352b258,0,
acct_3769ddde,1,ring_12
acct_057bb63f,0,
acct_cc99de5d,0,
acct_12e78579,0,
acct_5c5732a5,0,
acct_68bf6c90,0,
acct_216cdbb9,0,
acct_8df4af8d,0,
acct_9139c1a1,0,
acct_5b7a8ab7,0,
acct_0c1ef165,0,
acct_3127a139,0,
acct_ad8b7915,0,
acct_85410ec5,0,
acct_24db159b,0,
acct_5be9e248,0,
acct_a9977cbb,0,
acct_c29c8516,0,
acct_21074908,0,
acct_25fff8d1,0,
acct_632ed4df,0,
acct_f47b0ea8,0,
acct_08f16cb6,0,
acct_4f2ab739,0,
acct_05484bda,0,
acct_137e2ea5,0,
acct_ab6b41fe,0,
acct_b731f7c0,0,
acct_295d1fe0,0,
acct_dfcd7ce4,0,
acct_38a473fa,0,
acct_c608f23b,0,
acct_34a20316,1,ring_4
acct_708ceda0,0,
acct_9844c911,0,
acct_0dba62a5,0,
acct_c64e0f89,0,
acct_180658a9,0,
acct_a52d0d98,0,
acct_947d6323,0,
acct_979e723c,0,
acct_b7d4c3d9,0,
acct_93d3fd57,0,
acct_930068c6,0,
acct_8ddc8f29,0,
acct_e864a9d3,0,
acct_feea02e0,0,
acct_7dab2aca,0,
acct_8fad2b63,0,
acct_5e42a7a9,0,
acct_228f5c2f,0,
acct_0259d341,0,
acct_74364bdb,0,
acct_4dd2f1ca,0,
acct_281d7635,0,
acct_bfef7ac6,0,
acct_6066f801,0,
acct_011392cc,0,
acct_3f5ba2f8,0,
acct_3f923562,0,
acct_aa0b0f4e,0,
acct_194a9df7,0,
acct_94308c9a,0,
acct_48fbc334,0,
acct_0da72f2e,0,
acct_6174d539,0,
acct_13189194,0,
acct_c15d9398,0,
acct_138b13d9,0,
acct_403b1079,0,
acct_c98e631a,0,
acct_fed9cec5,0,
acct_4d11f0ea,0,
acct_e04e929e,0,
acct_f51ba050,0,
acct_b2e65249,0,
acct_5a9792fb,0,
acct_47995e18,0,
acct_96eca16e,0,
acct_bf7cde61,0,
acct_06390eb8,0,
acct_4daa4bf2,0,
acct_b7447893,0,
acct_6b948c3d,0,
acct_7487a834,0,
acct_8f6afebc,0,
acct_ee8832f3,0,
acct_37bb4474,0,
acct_4a7a8e54,0,
acct_7c285d9c,0,
acct_bf0fc277,0,
acct_e4e57295,0,
acct_a2ab8b08,0,
acct_9393933b,0,
acct_ebe1576d,0,
acct_b3174e8a,0,
acct_3b1ddc64,0,
acct_b835e6a2,0,
acct_65164dee,1,ring_7
acct_ea197d61,0,
acct_321492ee,0,
acct_e85e4c83,0,
acct_2ce5c3e2,0,
acct_02f7470f,0,
acct_2f268e25,0,
acct_97dfb9a5,0,
acct_04567173,0,
acct_371ea953,0,
acct_c0dc8890,0,
acct_1d9cfa84,0,
acct_dc0ace4a,0,
acct_4a4d98b4,0,
acct_9fcc882e,0,
acct_c0defdf5,0,
acct_6c5d4571,0,
acct_8d87533c,0,
acct_bdf5ef41,0,
acct_08389ef9,0,
acct_f4a50678,0,
acct_cfa44d90,0,
acct_c51b6526,0,
acct_779f1c9c,0,
acct_ecf662da,0,
acct_7bb704ec,0,
acct_999d9184,0,
acct_8e989353,0,
acct_16d788fc,0,
acct_526fea43,0,
acct_50bbac4d,0,
acct_7f59f12f,0,
acct_f0e3e6ba,0,
acct_22df3357,0,
acct_b7af86ee,0,
acct_b573ff64,0,
acct_2bc216a8,0,
acct_c50fc41f,0,
acct_811e66ff,0,
acct_8df367bc,0,
acct_601a823b,1,ring_6
acct_58b4cd70,0,
acct_746aa92a,1,ring_2
acct_8c808eb7,0,
acct_7bedc3bc,0,
acct_31029c60,0,
acct_c5343e5b,0,
acct_af072b76,0,
acct_a5131cf7,0,
acct_29e83731,0,
acct_e9caa60f,0,
acct_2489e8cd,0,
acct_5e6e6818,0,
acct_e285f4ce,0,
acct_8b4966ae,0,
acct_a9cfe4fe,0,
acct_ebb28067,0,
acct_f08f8c25,0,
acct_7b5376ac,0,
acct_baf4f640,0,
acct_7f4dbc3c,0,
acct_aca5a087,0,
acct_70689418,0,
acct_08034bc9,0,
acct_03845fe3,0,
acct_d6cc8a51,0,
acct_32368989,0,
acct_aa46c8f7,0,
acct_c575e5bc,0,
acct_9020c246,0,
acct_4ab7bc26,1,ring_5
acct_7743a14e,0,
acct_18a86877,0,
acct_8de03e31,0,
acct_e898cb20,1,ring_3
acct_28e3dbe5,0,
acct_cb2b57f8,0,
acct_ba3f14ef,0,
acct_9f331971,0,
acct_d46dc8f5,0,
acct_46a3589d,0,
acct_0527b28b,1,ring_10
acct_47481b34,0,
acct_9e71e9ac,0,
acct_6165b0ed,0,
acct_f6be02eb,0,
acct_dbb2de63,0,
acct_a5330558,0,
acct_b14cc828,0,
acct_7bb1877e,0,
acct_194569b9,0,
acct_51d250ab,0,
acct_0628df32,0,
acct_59a6001b,0,
acct_c9686821,0,
acct_1356dc46,0,
acct_a167172f,0,
acct_b5ce2628,0,
acct_72f9ac88,0,
acct_19d6523d,0,
acct_acd01d19,0,
acct_ad22c963,0,
acct_ba42ba05,0,
acct_7d6cda98,0,
acct_0d014a09,0,
acct_fbf3feb9,0,
acct_b2d50745,0,
acct_c81da4a3,0,
acct_44fe74e0,0,
acct_d8c5b84f,0,
acct_5bb5a484,0,
acct_c972dbd9,0,
acct_b923d738,1,ring_8
acct_edcd4fbf,0,
acct_2ae47df0,0,
acct_4d89be85,0,
acct_ca1eea22,0,
acct_a2311c08,0,
acct_2eecd7a6,0,
acct_a4cff4d2,0,
acct_63a6e1e2,0,
acct_508e40f4,0,
acct_4dcbb90d,0,
acct_64cc0059,0,
acct_64ba2e75,0,
acct_bfff46b8,0,
acct_284dc16f,0,
acct_9ec3b06a,0,
acct_7ae04b80,1,ring_8
acct_f68bd4d3,1,ring_2
acct_0030e82c,0,
acct_d9b09c06,0,
acct_690e4ccc,0,
acct_8f235592,0,
acct_5af45e66,0,
acct_7255f807,0,
acct_b4b11b60,0,
acct_4bb3d80d,0,
acct_b20c6b52,0,
acct_12cc820c,0,
acct_13c3224e,0,
acct_b3c6485c,0,
acct_7980dc90,0,
acct_e0e43c49,0,
acct_a814d991,0,
acct_2e3cbed3,0,
acct_1f870ea0,0,
acct_ba8760a3,0,
acct_3f117f96,0,
acct_58048e88,0,
acct_962cc97e,1,ring_3
acct_bb9433f0,0,
acct_32bc1754,0,
acct_aa76ec83,0,
acct_412528f9,0,
acct_8563e270,0,
acct_2afb5670,0,
acct_223fb2a5,0,
acct_58c8edfe,0,
acct_c9abbb53,0,
acct_95b8e5ed,0,
acct_1b324063,0,
acct_d06442fc,0,
acct_216b516c,0,
acct_0a4fbc6c,0,
acct_78ff9b5a,0,
acct_e390022d,0,
acct_a307ad14,1,ring_6
acct_5c634306,0,
acct_b1b5bdd3,0,
acct_e81764d6,0,
acct_1624e752,0,
acct_3c0d135e,0,
acct_bcedaa6a,0,
acct_a0c62078,0,
acct_bd30a762,0,
acct_10495713,0,
acct_ea50db43,0,
acct_7555fb91,0,
acct_d4df6d35,0,
acct_59804915,0,
acct_99515853,0,
acct_fe643865,0,
acct_265d665a,0,
acct_13413f44,0,
acct_e77d1fdc,0,
acct_99c8f690,0,
acct_fa64b54e,0,
acct_a0cf9aea,0,
acct_3d4cd810,0,
acct_4d0d72bc,0,
acct_a5630efe,0,
acct_bfc08b0e,0,
acct_82f42af9,1,ring_7
acct_e0aa5155,0,
acct_433dd3a3,0,
acct_bf30276b,0,
acct_0d8019cc,0,
acct_c84c9d6c,0,
acct_1d9ecc09,0,
acct_ca1a7657,0,
acct_0b497046,0,
acct_d8c1a7fe,0,
acct_63cb7520,0,
acct_7003c090,0,
acct_9a68bbb7,0,
acct_6f3e159d,0,
acct_aedfe494,0,
acct_578ddf44,0,
acct_9aee3a1a,0,
acct_d15e94da,0,
acct_3150f256,0,
acct_a2d1d501,0,
acct_0b6cb2c1,0,
acct_8e7c6870,0,
acct_830fef06,0,
acct_e612dcc9,0,
acct_30227d05,0,
acct_0f833248,0,
acct_8346f433,0,
acct_0b74c3d6,0,
acct_31cb7020,0,
acct_286ed21a,0,
acct_6315958d,0,
acct_d7f94876,0,
acct_e2d249c6,0,
acct_7ae9ed52,1,ring_14
acct_82270b4e,0,
acct_1c99e988,0,
acct_b6c4807d,0,
acct_ef9c22fa,0,
acct_5601a817,0,
acct_a50f3438,0,
acct_e8cde2c6,0,
acct_ea9a8c1a,0,
acct_b3030ce9,0,
acct_c0fe2bcf,0,
acct_29a1fdcd,0,
acct_2d83b859,0,
acct_536d4303,0,
acct_28e4d586,0,
acct_e317ff00,0,
acct_8392eeaf,0,
acct_d0984d76,0,
acct_1c9ba8bf,0,
acct_8c38d236,0,
acct_59a5303f,0,
acct_489900fe,0,
acct_879d2329,0,
acct_e759e43e,0,
acct_43b132fa,0,
acct_ce2f50f4,0,
acct_ed2b133a,0,
acct_9b083953,1,ring_2
acct_496688ee,0,
acct_d56bb49f,0,
acct_c5fce725,0,
acct_a5c0ac26,0,
acct_5aa0ca0b,0,
acct_91f04aa7,0,
acct_b11b8fb2,0,
acct_50bf1554,0,
acct_28aba6d3,0,
acct_12928472,0,
acct_8fe104af,0,
acct_fa1d8101,0,
acct_caf16525,0,
acct_29f99c32,0,
acct_03c7ec1a,0,
acct_fccf1b4e,0,
acct_a5d1c974,0,
acct_12f8f3ab,0,
acct_34c89b1e,0,
acct_56c4c707,0,
acct_7521ec29,0,
acct_c4738dea,0,
acct_308d161c,0,
acct_8ba9716f,0,
acct_d1924bc8,0,
acct_558a5ae4,0,
acct_202abc23,0,
acct_b3c4c920,0,
acct_f997ac97,0,
acct_6900643a,0,
acct_cae7cbe2,0,
acct_b7d7c377,0,
acct_ec6a4eca,0,
acct_cd67f1e6,1,ring_11
acct_70fd26cc,0,
acct_4d016caf,1,ring_4
acct_2e50684d,0,
acct_109853b4,0,
acct_031b0f7f,0,
acct_16b21fcb,0,
acct_30bc74a5,0,
acct_42392615,0,
acct_538128d5,0,
acct_1d6c7b23,0,
acct_d9526ee1,0,
acct_c3efe855,0,
acct_b1dab161,0,
acct_bcaa23e9,0,
acct_02aa587b,0,
acct_2175485a,0,
acct_81503aa4,1,ring_6
acct_264435c0,0,
acct_f2cde02b,0,
acct_667764aa,0,
acct_213cdd83,0,
acct_628f482d,0,
acct_044f2c39,0,
acct_2cc0484d,0,
acct_d958cf81,0,
acct_b6d1413b,0,
acct_43a40428,0,
acct_898af983,0,
acct_f5dc28e9,0,
acct_796b1ee3,0,
acct_14f5c30a,0,
acct_266a88a8,0,
acct_0142a766,0,
acct_0f4cf5c3,0,
acct_8a01eb8b,0,
acct_520b310b,0,
acct_3f03aad2,0,
acct_86101ced,0,
acct_2ba0ea0d,0,
acct_c863e95b,0,
acct_8f188926,0,
acct_b2678c69,0,
acct_cd05e9ae,1,ring_12
acct_184f037f,0,
acct_8889e846,0,
acct_480cefa0,0,
acct_a6ce515c,0,
acct_34d3d71a,0,
acct_b8199afa,0,
acct_b81cf9bf,0,
acct_9a62cc76,0,
acct_d608f2aa,0,
acct_018e1799,0,
acct_3ccf9998,0,
acct_085b3a59,0,
acct_2837ba6d,0,
acct_b7eacdee,1,ring_8
acct_73f6b9a5,0,
acct_38b57724,0,
acct_d67a1848,0,
acct_62983994,0,
acct_e50785b0,0,
acct_28cfff12,0,
acct_18b42431,0,
acct_4274e50f,0,
acct_5b65ec58,0,
acct_7ed4243b,0,
acct_228faff2,0,
acct_bb0f1244,0,
acct_9e0afdad,0,
acct_3d4263c6,0,
acct_27383fac,0,
acct_1b5a3c74,0,
acct_4be453bd,0,
acct_a47bb5a6,0,
acct_109a150d,0,
acct_9fa2c378,0,
acct_aae19a49,0,
acct_a308c411,0,
acct_965205bc,1,ring_6
acct_b028ffe0,0,
acct_17fb31e9,0,
acct_ad409202,0,
acct_bf5e6fa0,0,
acct_7cf5d04a,0,
acct_44c93e54,0,
acct_35712f4c,0,
acct_6db4e602,0,
acct_e7a410be,0,
acct_f679adc5,0,
acct_8ac551c8,0,
acct_4326c858,1,ring_12
acct_9aaaebd1,0,
acct_0f6f60f6,0,
acct_62e146cd,0,
acct_0ba74f5f,0,
acct_47725130,0,
acct_8a7956b1,0,
acct_3d719076,0,
acct_c7077325,0,
acct_a1f07879,0,
acct_799541b5,0,
acct_da497204,0,
acct_0ef81df9,0,
acct_79255aec,0,
acct_c0deffa8,0,
acct_6c2a7fe6,0,
acct_c56053a1,0,
acct_dd7688df,0,
acct_39cd6bfe,0,
acct_a71eb867,0,
acct_04315826,1,ring_11
acct_937cd5c4,0,
acct_dfc942fa,0,
acct_30ce80d3,0,
acct_7357e4e5,0,
acct_0a36ce4f,0,
acct_14b35aac,0,
acct_71a89f35,0,
acct_e6e81e1c,0,
acct_1397ebc1,1,ring_6
acct_26039951,0,
acct_0181e9a0,0,
acct_b1af713a,0,
acct_d56e8ee1,0,
acct_bc2b3b58,0,
acct_8b4a6f64,0,
acct_50690aa8,0,
acct_ad2ec580,0,
acct_93d5e3af,0,
acct_3818ee36,0,
acct_7c6e3a7b,0,
acct_3336235a,0,
acct_c31b08be,0,
acct_1e6d089e,0,
acct_ce5226c4,0,
acct_732b9a8f,0,
acct_e0f539df,0,
acct_e9d0baef,0,
acct_426b0a4b,0,
acct_5803fb23,1,ring_2
acct_7f3abe55,0,
acct_2f676980,0,
acct_aae49d68,0,
acct_fa43b2c4,0,
acct_9c9d9da3,0,
acct_658de2fe,0,
acct_6a687a58,0,
acct_4da800ee,0,
acct_58c23342,0,
acct_d73b60ff,0,
acct_618d96b4,0,
acct_cb3e3d2c,0,
acct_5f48cc94,0,
acct_910ab6de,0,
acct_ba77f8df,0,
acct_56eb8d37,0,
acct_2ab947b9,0,
acct_5fea345c,0,
acct_fe22aa7e,0,
acct_9b9e9556,0,
acct_63a364dc,0,
acct_9f1221c6,0,
acct_08fdcc91,0,
acct_fc80bf12,0,
acct_37005f05,0,
acct_a7ce1e31,0,
acct_17a5db17,0,
acct_34d2cce6,0,
acct_d534c396,0,
acct_d15a9152,0,
acct_dcffee35,0,
acct_2267459d,0,
acct_4f027aab,0,
acct_536624b1,0,
acct_2ec26a95,0,
acct_1020e8f4,0,
acct_cf6d28d6,0,
acct_fe7e5879,0,
acct_539e005d,0,
acct_0eecbbd3,0,
acct_f1564777,0,
acct_3058f609,0,
acct_9ed236c6,0,
acct_248f0bce,0,
acct_7864b51a,0,
acct_583696dc,0,
acct_97febae8,0,
acct_97385c3b,0,
acct_fd35e8dd,0,
acct_5bec37ee,0,
acct_8c908918,0,
acct_c1f969e5,0,
acct_6bc39510,0,
acct_b110b3e6,0,
acct_92ab7ad6,0,
acct_e72450a7,0,
acct_afe3b555,0,
acct_51cca89f,0,
acct_1171dc76,1,ring_6
acct_522e8b54,0,
acct_d95137ba,0,
acct_83908ad9,0,
acct_83946ba8,0,
acct_3fbeb7b2,0,
acct_a66c5223,0,
acct_8d5495df,0,
acct_03a7409e,0,
acct_6cd3d010,0,
acct_9cb3d36c,0,
acct_cebba35b,0,
acct_fe89f121,0,
acct_16376a3e,0,
acct_9918ce27,0,
acct_e72d33fe,0,
acct_21378447,0,
acct_f2b5e861,1,ring_7
acct_b0961ad4,0,
acct_ed19d73b,0,
acct_d16f727d,0,
acct_125daecd,0,
acct_d435559b,0,
acct_202d1263,0,
acct_282343c7,1,ring_5
acct_c9b0b148,0,
acct_12b71efd,0,
acct_676dd86d,0,
acct_15fd6ceb,0,
acct_f2fbab73,0,
acct_98c34abb,0,
acct_8b0bc48a,0,
acct_5f831942,0,
acct_d53e276f,0,
acct_a8aa4e11,1,ring_4
acct_76fe8ba6,0,
acct_9f284ad9,0,
acct_45a38480,1,ring_11
acct_118b3ef9,0,
acct_7fa268a6,1,ring_5
acct_2443d648,0,
acct_f72c105b,0,
acct_0567c35e,0,
acct_71a71827,0,
acct_35d85ca9,0,
acct_de9b6d78,0,
acct_6d94230c,0,
acct_e4d2aef2,0,
acct_295ea758,0,
acct_cdca9f48,0,
acct_a1ddb6b5,0,
acct_08b58700,0,
acct_2aff3309,0,
acct_9ed8eb86,0,
acct_46b26b1e,0,
acct_ad7661cf,0,
acct_21cf4d7d,0,
acct_a4f56ddd,0,
acct_f6e1988a,0,
acct_133884e6,0,
acct_99c05b23,0,
acct_09a8fa7c,0,
acct_b39e5a18,0,
acct_cf14b1be,0,
acct_5969af56,0,
acct_56543e1b,0,
acct_40379689,0,
acct_c5d62abe,0,
acct_9d9db974,0,
acct_aa2aecc1,0,
acct_f3fc90d5,0,
acct_a92e036e,0,
acct_e99076fe,0,
acct_effd7175,0,
acct_6c46ecb0,0,
acct_68907c52,0,
acct_b172360e,0,
acct_90f66ecc,0,
acct_e3c7fcfd,0,
acct_d76d7a43,0,
acct_cf0be507,0,
acct_25a75e83,0,
acct_9a4f9c59,0,
acct_50cc5260,0,
acct_b4be34ec,0,
acct_3b303f95,0,
acct_b6e9dbeb,0,
acct_51156e6a,1,ring_10
acct_41a7a93e,0,
acct_00641d68,0,
acct_21d6425c,0,
acct_1379bef8,1,ring_5
acct_7e6babc7,0,
acct_238e9fe5,0,
acct_bbc57b20,0,
acct_9b32fcee,0,
acct_03decb04,0,
acct_44ba9f44,0,
acct_371c9135,0,
acct_8cca3140,0,
acct_9158c99d,0,
acct_afe8ae14,0,
acct_c8e7b6bd,0,
acct_4eaeb806,0,
acct_f9cdb220,0,
acct_defc337f,0,
acct_6518b807,0,
acct_e0897cf4,0,
acct_00e3a40f,0,
acct_bae7f1d8,0,
acct_b205b2d8,0,
acct_1bd9e1a0,0,
acct_8096a60e,0,
acct_8c9b5775,0,
acct_f4284c16,0,
acct_4a685ae5,0,
acct_8cb3d91c,0,
acct_07eb6150,0,
acct_41a3a672,0,
acct_8069d19d,0,
acct_a04280fa,0,
acct_75f0ee4f,0,
acct_7b030335,0,
acct_bbbe403c,0,
acct_f0d92e71,0,
acct_04b6b459,0,
acct_33a6e117,0,
acct_51709520,0,
acct_12ea9459,0,
acct_9f7b55d8,0,
acct_a63f423d,0,
acct_18b841bc,0,
acct_8a5ebdf0,0,
acct_af609d01,0,
acct_e574f160,0,
acct_2f3e11fe,0,
acct_0995701f,0,
acct_90612d0f,0,
acct_320e1e28,0,
acct_14b3379a,0,
acct_066fa712,0,
acct_5fee32b9,0,
acct_0eeb2821,0,
acct_ecda987d,0,
acct_94f828ef,0,
acct_60081f06,0,
acct_d52d5a2a,0,
acct_4bb22cd4,0,
acct_11d1942d,0,
acct_e38a8748,0,
acct_589f957c,0,
acct_e84350b1,0,
acct_947aa8e2,0,
acct_9ef83820,0,
acct_df4ffeb7,0,
acct_b8c44610,0,
acct_804a63a6,0,
acct_ef34f9a8,0,
acct_999409e8,0,
acct_4b2ef863,0,
acct_6a71ceb2,0,
acct_d470cc61,0,
acct_7515e6bd,0,
acct_c62150dd,0,
acct_53fe9db6,0,
acct_53f72187,0,
acct_9827cddb,0,
acct_c40955db,0,
acct_a26bd99c,0,
acct_a57c10e6,0,
acct_092542bb,0,
acct_6a1c569b,0,
acct_7e56b2e2,0,
acct_85f6e8b8,0,
acct_c6cdbf0e,0,
acct_741007ed,0,
acct_c57ff82e,0,
acct_33c3a37f,0,
acct_16cc76c8,0,
acct_5eb71c69,0,
acct_a79ace15,0,
acct_affc0976,0,
acct_437e1216,0,
acct_80dac904,0,
acct_434f36ae,0,
acct_1fd7c76e,0,
acct_0fd9d7ec,1,ring_13
acct_2dff1ef7,0,
acct_3aa296ab,0,
acct_672f31f6,0,
acct_726b8234,0,
acct_9e89d7c4,0,
acct_e25ccef8,0,
acct_28dbf837,1,ring_1
acct_edec211e,0,
acct_fc978bb2,0,
acct_681f3e7b,0,
acct_55f47298,0,
acct_cbe0efcf,0,
acct_5a3c0b72,0,
acct_4d9f8b22,0,
acct_c1249b1e,0,
acct_81443792,0,
acct_0b0a6321,0,
acct_a27e9dcd,0,
acct_399dbcdf,0,
acct_8700ae0f,0,
acct_1794d658,0,
acct_cf553347,0,
acct_e2f8b1fc,0,
acct_b4a11566,1,ring_9
acct_c944ff0e,0,
acct_fda99718,0,
acct_98bb2f86,0,
acct_07e16413,0,
acct_5f31c360,0,
acct_c92d55c2,0,
acct_f6af0bd2,0,
acct_6372e190,0,
acct_b60237a9,0,
acct_03007deb,0,
acct_71c77ff4,0,
acct_e17b8fd5,0,
acct_4942a13f,0,
acct_2c85e010,0,
acct_cf1c7bd7,0,
acct_ebb56dc9,0,
acct_26cc4a80,0,
acct_18b18865,0,
acct_1c9b1d5a,0,
acct_a41b6440,0,
acct_6742ca8a,1,ring_14
acct_61ef16bd,0,
acct_486e5d63,0,
acct_eae990a6,0,
acct_b70990e4,0,
acct_6b9733b4,0,
acct_9b0ec66a,0,
acct_54956e74,0,
acct_2141a820,0,
acct_e92df56a,0,
acct_29053298,0,
acct_037acea1,0,
acct_49cc7d40,0,
acct_48f29d3f,0,
acct_220a09f2,0,
acct_545079d3,1,ring_13
acct_23ea9daf,0,
acct_9a66ed44,0,
acct_c9c0c311,0,
acct_3d204cd7,0,
acct_976fdcda,0,
acct_14f011ad,0,
acct_3af8306d,0,
acct_40bcb1fb,0,
acct_1ceb5fd6,0,
acct_1fadc84e,0,
acct_ea24862a,0,
acct_729b2ae5,0,
acct_854afa09,0,
acct_d11e472e,0,
acct_2e9ded8d,0,
acct_69debd1a,0,
acct_a6ab535e,0,
acct_d06ab2fa,0,
acct_c7dcb594,0,
acct_a8d5fbc3,0,
acct_b5c0eb20,0,
acct_c2486680,0,
acct_ac7ee2f5,0,
acct_a44610da,1,ring_12
acct_46d3b269,0,
acct_46578a2b,0,
acct_d1571b3d,0,
acct_3a6c2e73,0,
acct_b104c91a,0,
acct_86cf76eb,0,
acct_69cee470,0,
acct_3267849b,0,
acct_5ec904f9,0,
acct_ef31557f,0,
acct_1e1ed5c8,0,
acct_69631579,0,
acct_4e64cb39,0,
acct_9a8619ca,0,
acct_125179ae,0,
acct_23ed2857,0,
acct_90ca3a73,0,
acct_8e929ab5,0,
acct_e80370c1,0,
acct_9bf07a62,0,
acct_795635c7,0,
acct_28927364,0,
acct_9a4c81ae,0,
acct_2428ad6d,0,
acct_8b9a215d,0,
acct_0c3b7c97,1,ring_10
acct_db7d00f8,0,
acct_e2298f04,0,
acct_0a7cab29,0,
acct_689d06cc,0,
acct_906d4f3b,0,
acct_afd5057d,0,
acct_c2b33a8b,0,
acct_875a35e8,1,ring_1
acct_559e78aa,0,
acct_963ea790,0,
acct_8b45ac84,0,
acct_597e939b,0,
acct_7c864258,0,
acct_33b5643f,0,
acct_42814502,0,
acct_b6a4466e,0,
acct_3eafc82b,0,
acct_d5fbf744,0,
acct_69010ee9,0,
acct_f5b8a9cb,0,
acct_2d10bfd5,0,
acct_9cb5ea42,0,
acct_c8232f85,0,
acct_34bf548b,0,
acct_0b5cfcb7,0,
acct_38636f81,0,
acct_58050830,0,
acct_0a5e8f60,0,
acct_05e9ae19,0,
acct_f1d7a74c,0,
acct_43ad7961,0,
acct_c2b9c406,0,
acct_c9e785f2,0,
acct_a638abcc,0,
acct_816f2047,0,
acct_15a5e9c6,0,
acct_9421edf2,0,
acct_dc86da22,1,ring_10
acct_5645ef32,0,
acct_29ce19f7,0,
acct_f8e70ee0,0,
acct_d67c978e,0,
acct_0dd0a807,0,
acct_87c09d72,0,
acct_c76a15f8,0,
acct_81f85299,0,
acct_62a9254e,0,
acct_88aedb83,0,
acct_29a7a234,0,
acct_7705ce1f,0,
acct_56b7af90,0,
acct_655ff0ba,0,
acct_796dd4d9,0,
acct_74a95360,0,
acct_ba306da0,0,
acct_262622dc,0,
acct_e4404f42,0,
acct_d5462bce,0,
acct_238cf937,0,
acct_ab30a061,0,
acct_cc683b90,0,
acct_9fe4467e,0,
acct_419aa9b4,0,
acct_a693a855,0,
acct_3b45a4fc,0,
acct_da4d4cb6,0,
acct_c9e348d1,0,
acct_649c77c5,1,ring_9
acct_c743d7e7,0,
acct_09553813,0,
acct_f7389c7e,0,
acct_389045aa,0,
acct_85ca37c7,0,
acct_b3bf8b1e,1,ring_0
acct_ee0da2d3,0,
acct_fa5e0176,0,
acct_b1a1d353,0,
acct_30c2bdf8,0,
acct_a20cc6e3,0,
acct_31ad08ad,0,
acct_ffc3d116,0,
acct_ee5053cc,0,
acct_60b52d96,0,
acct_6f7114dd,0,
acct_5e964393,0,
acct_d3ffd47c,0,
acct_7bbe8e4f,0,
acct_b1ec638a,0,
acct_b0d0d435,1,ring_0
acct_5c7e731e,0,
acct_3585463c,0,
acct_dea4ef7a,0,
acct_593bb8d2,0,
acct_86f56636,0,
acct_d2d1fe78,0,
acct_07b536a6,0,
acct_ade7f73f,0,
acct_078f9218,0,
acct_5f35c355,0,
acct_6d92e145,0,
acct_d14f6e6e,0,
acct_99452e39,0,
acct_5001a628,0,
acct_0e59562f,0,
acct_85a20f30,0,
acct_a4dc8d88,0,
acct_aa7e2e3a,0,
acct_8bc11b0e,0,
acct_8f7f3542,1,ring_13
acct_9e61f0ec,0,
acct_8f7a27ec,1,ring_1
acct_fc4e82f8,0,
acct_6cfe4f3d,0,
acct_b2127bac,0,
acct_00c993bf,0,
